{
  "prompt": "The relationship between mathematical constants and information",
  "n_samples": 5,
  "calibrate_tokens": 30,
  "baseline": [
    0.7133143601609485,
    0.725873344798425,
    0.6473686953183917,
    0.5859385072069512,
    0.5482316131214705,
    0.550743248901222,
    0.5778764138521068,
    0.5871925631345689,
    0.6354297539993157,
    0.5668256403870984,
    0.5679907832906842,
    0.5309487860289058,
    0.5345563838310202,
    0.5433964990378252,
    0.5587280820598628,
    0.5542491717066973,
    0.5509824367826058,
    0.5931773960010764,
    0.5844608906015204,
    0.5840027544737006,
    0.6168539460024447,
    0.6019889618012002,
    0.5993334909111394,
    0.5872566255254642,
    0.5850719061206207,
    0.6296047388775001,
    0.6004616799025344,
    0.5972788431316943,
    0.5963182271559941,
    0.5951722015572405,
    0.551912601796782,
    0.5241349731376252,
    0.5575507371305171,
    0.5078102191139487,
    0.4904276406506949,
    0.5412440580534899
  ],
  "mean_ksi": 0.581214115987869,
  "note": "Activation-space Ksi. Distinct from weight-space registry Ksi."
}